Workbook

Sheet Parametros
A1: Dimensionamento de armazenamento e custo
A2: Células em azul são entradas editáveis. Células em preto são fórmulas.
A4: Parâmetros do delineamento
A5: Parâmetro | B5: Símbolo | C5: Cenário A | D5: Cenário B | E5: Origem
A6: Usuários | B6: U | C6: 1000000 | D6: 10000000 | E6: escala definida no delineamento
A7: Candidatos por usuário | B7: N | C7: 500 | D7: 500 | E7: fixado em Material e Métodos
A8: Itens retornados | B8: k | C8: 20 | D8: 20 | E8: fixado em Material e Métodos
A9: Cardinalidade de contextos | B9: C | C9: 20 | D9: 20 | E9: gêneros do MovieLens 32M
A10: Itens no catálogo | B10: I | C10: 87585 | D10: 87585 | E10: MovieLens 32M
A11: Bytes úteis por entrada | B11: b | C11: 8 | D11: 8 | E11: item_id 4 bytes + score 4 bytes
A13: Fatores de sobrecarga de armazenamento | D13: ESTIMATIVAS — substituir por medição real após carga piloto
A14: Tecnologia | B14: Fator | C14: Base da estimativa
A15: PostgreSQL | B15: 3.5 | C15: cabeçalho de tupla 23 bytes + índice B-tree
A16: Valkey | B16: 4 | C16: codificação skiplist de sorted set com ponteiros
A17: ScyllaDB | B17: 2.5 | C17: SSTable comprimida + chave de agrupamento
A18: OpenSearch | B18: 3 | C18: documento + índice invertido + campo doc_values
A20: Preços de referência | D20: CONFERIR na calculadora do provedor antes de usar
A21: Item | B21: Valor | C21: Unidade
A22: Armazenamento em bloco (SSD) | B22: 0.1 | C22: USD por GB-mês
A23: Memória provisionada | B23: 0.006 | C23: USD por GB-hora
A24: Horas por mês | B24: 730 | C24: h

Sheet Dimensionamento
A1: Registros e volume por estratégia
A3: Bloco 1 — Registros armazenados
A4: Estratégia | B4: Fórmula | C4: Cenário A | D4: Cenário B
A5: E-1 filtro na aplicação | B5: U × N | C5: =Parametros!C6*Parametros!C7 -> 500000000 | D5: =Parametros!D6*Parametros!D7 -> 5000000000
A6: E-2 predicado no banco | B6: U × N | C6: =Parametros!C6*Parametros!C7 -> 500000000 | D6: =Parametros!D6*Parametros!D7 -> 5000000000
A7: E-3 pré-materialização | B7: U × C × k | C7: =Parametros!C6*Parametros!C9*Parametros!C8 -> 400000000 | D7: =Parametros!D6*Parametros!D9*Parametros!D8 -> 4000000000
A8: E-4 interseção de conjuntos | B8: U × N | C8: =Parametros!C6*Parametros!C7 -> 500000000 | D8: =Parametros!D6*Parametros!D7 -> 5000000000
A9: E-4 listas invertidas globais | B9: I × C ÷ 8 (bytes) | C9: =Parametros!C10*Parametros!C9/8 -> 218962.5 | D9: =Parametros!D10*Parametros!D9/8 -> 218962.5
A10: As listas de E-4 são compartilhadas por toda a base: não escalam com U.
A12: Bloco 2 — Volume em GB por estratégia e tecnologia
A13: Cenário A (U da coluna C de Parâmetros)
A14: Estratégia | B14: PostgreSQL | C14: Valkey | D14: ScyllaDB | E14: OpenSearch
A15: E-1 filtro na aplicação | B15: =C5*Parametros!C11*Parametros!B15/1024^3 -> 13.038516 | C15: =C5*Parametros!C11*Parametros!B16/1024^3 -> 14.901161 | D15: =C5*Parametros!C11*Parametros!B17/1024^3 -> 9.3132257 | E15: =C5*Parametros!C11*Parametros!B18/1024^3 -> 11.175871
A16: E-2 predicado no banco | B16: =C6*Parametros!C11*Parametros!B15/1024^3 -> 13.038516 | C16: =C6*Parametros!C11*Parametros!B16/1024^3 -> 14.901161 | D16: =C6*Parametros!C11*Parametros!B17/1024^3 -> 9.3132257 | E16: =C6*Parametros!C11*Parametros!B18/1024^3 -> 11.175871
A17: E-3 pré-materialização | B17: =C7*Parametros!C11*Parametros!B15/1024^3 -> 10.430813 | C17: =C7*Parametros!C11*Parametros!B16/1024^3 -> 11.920929 | D17: =C7*Parametros!C11*Parametros!B17/1024^3 -> 7.4505806 | E17: =C7*Parametros!C11*Parametros!B18/1024^3 -> 8.9406967
A18: E-4 interseção de conjuntos | B18: =C8*Parametros!C11*Parametros!B15/1024^3 -> 13.038516 | C18: =C8*Parametros!C11*Parametros!B16/1024^3 -> 14.901161 | D18: n/a | E18: =C8*Parametros!C11*Parametros!B18/1024^3 -> 11.175871
A20: Cenário B (U da coluna D de Parâmetros)
A21: Estratégia | B21: PostgreSQL | C21: Valkey | D21: ScyllaDB | E21: OpenSearch
A22: E-1 filtro na aplicação | B22: =D5*Parametros!D11*Parametros!B15/1024^3 -> 130.38516 | C22: =D5*Parametros!D11*Parametros!B16/1024^3 -> 149.01161 | D22: =D5*Parametros!D11*Parametros!B17/1024^3 -> 93.132257 | E22: =D5*Parametros!D11*Parametros!B18/1024^3 -> 111.75871
A23: E-2 predicado no banco | B23: =D6*Parametros!D11*Parametros!B15/1024^3 -> 130.38516 | C23: =D6*Parametros!D11*Parametros!B16/1024^3 -> 149.01161 | D23: =D6*Parametros!D11*Parametros!B17/1024^3 -> 93.132257 | E23: =D6*Parametros!D11*Parametros!B18/1024^3 -> 111.75871
A24: E-3 pré-materialização | B24: =D7*Parametros!D11*Parametros!B15/1024^3 -> 104.30813 | C24: =D7*Parametros!D11*Parametros!B16/1024^3 -> 119.20929 | D24: =D7*Parametros!D11*Parametros!B17/1024^3 -> 74.505806 | E24: =D7*Parametros!D11*Parametros!B18/1024^3 -> 89.406967
A25: E-4 interseção de conjuntos | B25: =D8*Parametros!D11*Parametros!B15/1024^3 -> 130.38516 | C25: =D8*Parametros!D11*Parametros!B16/1024^3 -> 149.01161 | D25: n/a | E25: =D8*Parametros!D11*Parametros!B18/1024^3 -> 111.75871
A27: Bloco 3 — Custo mensal de armazenamento (cenário A)
A28: Estratégia | B28: Em disco (Postgres, USD) | C28: Em memória (Valkey, USD) | D28: Razão memória ÷ disco
A29: E-1 filtro na aplicação | B29: =B15*Parametros!B22 -> 1.3038516 | C29: =C15*Parametros!B23*Parametros!B24 -> 65.267086 | D29: =IFERROR(C29/B29,"") -> 50.057143
A30: E-2 predicado no banco | B30: =B16*Parametros!B22 -> 1.3038516 | C30: =C16*Parametros!B23*Parametros!B24 -> 65.267086 | D30: =IFERROR(C30/B30,"") -> 50.057143
A31: E-3 pré-materialização | B31: =B17*Parametros!B22 -> 1.0430813 | C31: =C17*Parametros!B23*Parametros!B24 -> 52.213669 | D31: =IFERROR(C31/B31,"") -> 50.057143
A32: E-4 interseção de conjuntos | B32: =B18*Parametros!B22 -> 1.3038516 | C32: =C18*Parametros!B23*Parametros!B24 -> 65.267086 | D32: =IFERROR(C32/B32,"") -> 50.057143
A34: Ponto de cruzamento entre E-1 e E-3
A35: E-3 ocupa menos que E-1 enquanto C × k < N
A36: C × k (cenário A) | B36: =Parametros!C9*Parametros!C8 -> 400 | C36: =IF(B36<Parametros!C7,"E-3 ocupa menos","E-3 ocupa mais") -> E-3 ocupa menos
A37: Acrescentar um segundo eixo contextual multiplica C e inverte a relação.

Sheet Custo_GCP
A1: Estimativa de custo do experimento no Google Cloud Platform
A2: Células azuis são entradas. Preços de referência de jul/2026, us-central1, sob demanda, Linux.
A4: Bloco A — Preços unitários
A5: Recurso | B5: Preço | C5: Unidade | D5: Observação
A6: n2-standard-8 (8 vCPU, 32 GB) | B6: 0.3886 | C6: USD/hora | D6: VM de banco e de gerador de carga
A7: n2-standard-4 (4 vCPU, 16 GB) | B7: 0.1942 | C7: USD/hora | D7: VM do serviço de API
A8: n2-highmem-32 (32 vCPU, 256 GB) | B8: 2.1 | C8: USD/hora | D8: só para o cenário de 10M usuários
A9: Disco persistente SSD | B9: 0.17 | C9: USD/GB-mês | D9: pd-ssd
A10: Snapshot de disco | B10: 0.026 | C10: USD/GB-mês | D10: preserva a carga entre sessões
A11: Multiplicador região São Paulo | B11: 1.6 | C11: × | D11: southamerica-east1 vs. us-central1
A12: Câmbio | B12: 5.4 | C12: BRL/USD | D12: conferir na data da execução
A14: Bloco B — Composição do cluster de medição
A15: Função | B15: Máquina | C15: Qtd. | D15: USD/hora
A16: Banco de dados sob teste | B16: n2-standard-8 | C16: 1 | D16: =C16*B6 -> 0.3886
A17: Serviço de API | B17: n2-standard-4 | C17: 1 | D17: =C17*B7 -> 0.1942
A18: Gerador de carga | B18: n2-standard-8 | C18: 1 | D18: =C18*B6 -> 0.3886
A19: Custo horário do cluster | D19: =SUM(D16:D18) -> 0.9714
A21: Bloco C — Horas de execução estimadas
A22: Etapa | B22: Execuções | C22: Minutos por execução | D22: Horas
A23: Depuração e validação na nuvem | B23: 1 | C23: 900 | D23: =B23*C23/60 -> 15 | E23: sessão contínua de ajuste
A24: Carga de dados (3 conjuntos × 4 bancos) | B24: 12 | C24: 45 | D24: =B24*C24/60 -> 9 | E24: OpenSearch é o mais lento
A25: Triagem (15 células × 3 repetições) | B25: 45 | C25: 9 | D25: =B25*C25/60 -> 6.75 | E25: 7 min de teste + 2 min de troca
A26: Confirmação Fase 1 (5 × 3 selet. × 3 cargas × 5 rep.) | B26: 225 | C26: 9 | D26: =B26*C26/60 -> 33.75 | E26: sem recarga entre execuções
A27: Rampa de saturação (15 células) | B27: 15 | C27: 15 | D27: =B27*C27/60 -> 3.75 | E27: até violar o SLO
A28: Fase 2 transmissão (3 × 3 payloads × 3 cargas × 5 rep.) | B28: 135 | C28: 9 | D28: =B28*C28/60 -> 20.25
A29: Subtotal | D29: =SUM(D23:D28) -> 88.5
A30: Margem para execuções perdidas e repetição | B30: 0.4 | D30: =D29*B30 -> 35.4
A31: Total de horas do cluster | D31: =D29+D30 -> 123.9
A33: Bloco D — Custo total
A34: Item | B34: Base | C34: USD | D34: BRL
A35: Computação (us-central1) | B35: =D31 -> 123.9 | C35: =B35*D19 -> 120.35646
A36: Disco SSD (200 GB por 1 mês) | B36: 200 | C36: =B36*B9 -> 34
A37: Snapshots (200 GB por 1 mês) | B37: 200 | C37: =B37*B10 -> 5.2
A38: Total em us-central1 | C38: =SUM(C35:C37) -> 159.55646 | D38: =C38*B12 -> 861.60488
A39: Total em southamerica-east1 (São Paulo) | C39: =C38*B11 -> 255.29034 | D39: =C39*B12 -> 1378.5678
A41: Crédito de US$ 300 para contas novas cobre boa parte do total. Validade de 90 dias.
A42: VMs Spot custam de 60% a 91% menos: use para carga de dados e depuração, nunca para medição.
A43: Snapshot do disco após cada carga evita repetir horas de ingestão ao religar o ambiente.
